player_id,name,position_group_raw,age_at_valuation,current_club_id,minutes_last_season,target_market_value,predicted_value,undervalued_pct,undervalued_pct_formatted
652632,Max Johnston,Defender,19.498973305954827,22,1266.0,700000,6762916.5,8.661309285714285,866.1%
982081,Oluwaseun Adewumi,Midfielder,20.79397672826831,520,1919.0,600000,4364381.0,6.273968333333333,627.4%
936581,Cherrion Valerius,Defender,20.194387405886378,132,1457.0,700000,4187988.0,4.98284,498.3%
572919,Mohamed Sankoh,Forward,20.62422997946612,79,1141.0,700000,3545753.8,4.0653625,406.5%
1042873,Noah Markmann,Defender,18.806297056810404,2778,1640.0,2500000,11848864.0,3.7395456,374.0%
