player_id,name,position_group_raw,age_at_valuation,current_club_id,minutes_last_season,target_market_value,predicted_value,undervalued_pct,undervalued_pct_formatted
608760,Arinaldo Rrapaj,Midfielder,24.358658453114305,48332,2096.0,700000,10777859.0,14.396941428571427,1439.7%
734424,Luca Stephenson,Midfielder,22.46406570841889,1519,2632.0,1000000,11468574.0,10.468574,1046.9%
694039,Nils Rossen,Midfielder,21.607118412046542,1434,2636.0,600000,5957022.0,8.92837,892.8%
652632,Max Johnston,Defender,19.498973305954827,22,1266.0,700000,6762916.5,8.661309285714285,866.1%
640245,Will Fish,Defender,21.281314168377826,903,3587.0,550000,4905040.5,7.918255454545455,791.8%
