Model,MAE,RMSE,R2,Median_APE_Pct,MAE_Midfielder,MAE_Defender,MAE_Forward,MAE_Goalkeeper,MAE_Other
Baseline_Ridge_PerfOnly,7.721954546381277e+19,4.920890890558348e+21,-4.834469314218905e+29,70.36011974457136,398256071.6189781,1713503.0532383826,2.8049067453317143e+20,1039882.5059008781,55374.12812595082
RF_PerfOnly,1833157.584022347,5178913.887021434,0.46452559583482733,71.33069450844546,1873216.30820281,1659765.3931142362,2338135.76432029,950034.8709488579,95355.20053714672
XGB_PerfOnly (Model A),1801248.641631141,5263462.522599973,0.446899047183548,68.44929791666668,1844876.2567804027,1628353.1763416997,2313114.7181630144,887673.3896652336,50998.67968749999
XGB_MarketAware (Model B),401136.70724984043,1230759.3784279441,0.9697581994892145,15.653257812499948,417595.93022319966,361670.693622702,508351.8916137916,200167.27460361662,43545.375651041664
